held_out_dataset,diagnoser,accuracy,macro_f1
banknote,rules,0.3448275862068966,0.34404761904761905
banknote,majority_class,0.13793103448275862,0.030303030303030304
banknote,random_forest,0.632183908045977,0.5233516483516484
banknote,xgboost,0.6206896551724138,0.5537346711259755
breast_cancer,rules,0.3448275862068966,0.34404761904761905
breast_cancer,majority_class,0.13793103448275862,0.030303030303030304
breast_cancer,random_forest,0.6436781609195402,0.5513297872340426
breast_cancer,xgboost,0.6781609195402298,0.5981684981684982
diabetes,rules,0.3448275862068966,0.34404761904761905
diabetes,majority_class,0.13793103448275862,0.030303030303030304
diabetes,random_forest,0.5977011494252874,0.5073051948051948
diabetes,xgboost,0.5747126436781609,0.49006410256410254
ionosphere,rules,0.3448275862068966,0.34404761904761905
ionosphere,majority_class,0.13793103448275862,0.030303030303030304
ionosphere,random_forest,0.5747126436781609,0.4832112332112332
ionosphere,xgboost,0.5517241379310345,0.45699333267967446
magic,rules,0.3448275862068966,0.34404761904761905
magic,majority_class,0.13793103448275862,0.030303030303030304
magic,random_forest,0.6551724137931034,0.5874542124542125
magic,xgboost,0.45977011494252873,0.3927655677655677
phoneme,rules,0.3448275862068966,0.34404761904761905
phoneme,majority_class,0.13793103448275862,0.030303030303030304
phoneme,random_forest,0.5057471264367817,0.4229969765684051
phoneme,xgboost,0.47126436781609193,0.3482704402515723
shuttle,rules,0.3448275862068966,0.34404761904761905
shuttle,majority_class,0.13793103448275862,0.030303030303030304
shuttle,random_forest,0.3333333333333333,0.24935807656395892
shuttle,xgboost,0.3448275862068966,0.2548262548262548
spambase,rules,0.3448275862068966,0.34404761904761905
spambase,majority_class,0.13793103448275862,0.030303030303030304
spambase,random_forest,0.4482758620689655,0.3571428571428571
spambase,xgboost,0.13793103448275862,0.030303030303030304
